signal_date,buy_date,buy_time,sell_date,sell_time,stock_code,stock_name,shares,buy_price,sell_price,buy_amount,sell_amount,buy_fee,sell_fee,total_fee,pnl,pnl_pct,equity_after,pick_reason,buy_reason,sell_reason
2025-01-08,2025-01-09,09:30:00,2025-01-10,15:00:00,000533,顺钠股份,900,8.48,6.93,7632.0,6237.0,5.0,5.0,10.0,-1405.0,-0.18397276417441405,8595.0,Top4 pick rank=1; score=100.00%; raw_prob=99.33%; board=2; ret1=10.07%.,"model=i0001c02, alpha=2; score>=threshold; gap_filter=[-0.50%, 4.00%], max_board=2; risk_profile=strict (broken<=40.00%, red>=28.00%, limit_down<=15, pullback<=8.00%); capital_use=80%; T signal -> T+1 open buy, limit-up open is unfilled.",T+2收盘收益-18.28%不在2%~10%，T+2收盘卖出 (no intraday-high optimization).
2025-02-13,2025-02-14,09:30:00,2025-02-17,15:00:00,603086,先达股份,1300,5.1,5.94,6629.999999999999,7722.000000000001,5.0,5.0,10.0,1082.0000000000018,0.1630746043707614,9677.000000000002,Top4 pick rank=2; score=100.00%; raw_prob=55.64%; board=1; ret1=10.09%.,"model=i0001c02, alpha=2; score>=threshold; gap_filter=[-0.50%, 4.00%], max_board=2; risk_profile=strict (broken<=40.00%, red>=28.00%, limit_down<=15, pullback<=8.00%); capital_use=80%; T signal -> T+1 open buy, limit-up open is unfilled.",T+2收盘收益16.47%不在2%~10%，T+2收盘卖出 (no intraday-high optimization).
2025-02-20,2025-02-21,09:30:00,2025-02-25,15:00:00,002068,黑猫股份,600,12.5,12.85,7500.0,7710.0,5.0,5.0,10.0,200.0,0.02664890073284477,9877.000000000002,Top4 pick rank=1; score=100.00%; raw_prob=46.99%; board=1; ret1=10.02%.,"model=i0001c02, alpha=2; score>=threshold; gap_filter=[-0.50%, 4.00%], max_board=2; risk_profile=strict (broken<=40.00%, red>=28.00%, limit_down<=15, pullback<=8.00%); capital_use=80%; T signal -> T+1 open buy, limit-up open is unfilled.",T+2收盘收益3.12%落在2%~10%，延长到T+3收盘卖出 (no intraday-high optimization).
2025-02-26,2025-02-27,09:30:00,2025-02-28,15:00:00,603067,振华股份,600,12.15567069,11.58798029,7293.402413999999,6952.788174,5.0,5.0,10.0,-350.614239999999,-0.04803986134382519,9526.385760000003,Top4 pick rank=3; score=100.00%; raw_prob=47.88%; board=1; ret1=10.01%.,"model=i0001c02, alpha=2; score>=threshold; gap_filter=[-0.50%, 4.00%], max_board=2; risk_profile=strict (broken<=40.00%, red>=28.00%, limit_down<=15, pullback<=8.00%); capital_use=80%; T signal -> T+1 open buy, limit-up open is unfilled.",T+2收盘收益-4.67%不在2%~10%，T+2收盘卖出 (no intraday-high optimization).
2025-03-04,2025-03-05,09:30:00,2025-03-07,15:00:00,002126,银轮股份,200,34.01928564,34.81552404,6803.857128,6963.104808,5.0,5.0,10.0,149.2476800000004,0.021919637494852193,9675.633440000003,Top4 pick rank=2; score=100.00%; raw_prob=48.73%; board=1; ret1=10.01%.,"model=i0001c02, alpha=2; score>=threshold; gap_filter=[-0.50%, 4.00%], max_board=2; risk_profile=strict (broken<=40.00%, red>=28.00%, limit_down<=15, pullback<=8.00%); capital_use=80%; T signal -> T+1 open buy, limit-up open is unfilled.",T+2收盘收益5.03%落在2%~10%，延长到T+3收盘卖出 (no intraday-high optimization).
2025-03-10,2025-03-11,09:30:00,2025-03-13,15:00:00,002846,英联股份,700,10.57,11.85,7399.0,8295.0,5.0,5.0,10.0,886.0,0.11966504592112372,10561.633440000003,Top4 pick rank=3; score=100.00%; raw_prob=54.07%; board=1; ret1=10.05%.,"model=i0001c02, alpha=2; score>=threshold; gap_filter=[-0.50%, 4.00%], max_board=2; risk_profile=strict (broken<=40.00%, red>=28.00%, limit_down<=15, pullback<=8.00%); capital_use=80%; T signal -> T+1 open buy, limit-up open is unfilled.",T+2收盘收益5.30%落在2%~10%，延长到T+3收盘卖出 (no intraday-high optimization).
2025-03-14,2025-03-17,09:30:00,2025-03-18,15:00:00,000799,酒鬼酒,100,51.362896,50.48380028,5136.2896,5048.380028,5.0,5.0,10.0,-97.90957200000048,-0.019043776876525392,10463.723868000003,Top4 pick rank=2; score=100.00%; raw_prob=47.97%; board=1; ret1=10.01%.,"model=i0001c02, alpha=2; score>=threshold; gap_filter=[-0.50%, 4.00%], max_board=2; risk_profile=strict (broken<=40.00%, red>=28.00%, limit_down<=15, pullback<=8.00%); capital_use=80%; T signal -> T+1 open buy, limit-up open is unfilled.",T+2收盘收益-1.71%不在2%~10%，T+2收盘卖出 (no intraday-high optimization).
2025-03-19,2025-03-20,09:30:00,2025-03-21,15:00:00,002633,申科股份,600,13.07,15.7,7842.0,9420.0,5.0,5.0,10.0,1568.0,0.19982158786797502,12031.723868000003,Top4 pick rank=1; score=83.65%; raw_prob=48.95%; board=1; ret1=10.01%.,"model=i0001c02, alpha=2; score>=threshold; gap_filter=[-0.50%, 4.00%], max_board=2; risk_profile=strict (broken<=40.00%, red>=28.00%, limit_down<=15, pullback<=8.00%); capital_use=80%; T signal -> T+1 open buy, limit-up open is unfilled.",T+2收盘收益20.12%不在2%~10%，T+2收盘卖出 (no intraday-high optimization).
2025-03-26,2025-03-27,09:30:00,2025-03-28,15:00:00,000048,京基智农,500,16.41932425,16.22784525,8209.662124999999,8113.922625000001,5.0,5.0,10.0,-105.73949999999786,-0.012872044935140638,11925.984368000005,Top4 pick rank=1; score=100.00%; raw_prob=69.16%; board=1; ret1=10.00%.,"model=i0001c02, alpha=2; score>=threshold; gap_filter=[-0.50%, 4.00%], max_board=2; risk_profile=strict (broken<=40.00%, red>=28.00%, limit_down<=15, pullback<=8.00%); capital_use=80%; T signal -> T+1 open buy, limit-up open is unfilled.",T+2收盘收益-1.17%不在2%~10%，T+2收盘卖出 (no intraday-high optimization).
2025-04-02,2025-04-03,09:30:00,2025-04-07,15:00:00,002427,尤夫股份,1800,5.08,4.91,9144.0,8838.0,5.0,5.0,10.0,-316.0,-0.03453929391190294,11609.984368000005,Top4 pick rank=1; score=89.88%; raw_prob=60.76%; board=1; ret1=9.94%.,"model=i0001c02, alpha=2; score>=threshold; gap_filter=[-0.50%, 4.00%], max_board=2; risk_profile=strict (broken<=40.00%, red>=28.00%, limit_down<=15, pullback<=8.00%); capital_use=80%; T signal -> T+1 open buy, limit-up open is unfilled.",T+2收盘收益-3.35%不在2%~10%，T+2收盘卖出 (no intraday-high optimization).
2025-04-10,2025-04-11,09:30:00,2025-04-14,15:00:00,000016,深康佳A,1900,4.72,5.28,8968.0,10032.0,5.0,5.0,10.0,1054.0,0.11746350161595899,12663.984368000005,Top4 pick rank=2; score=100.00%; raw_prob=99.92%; board=2; ret1=9.95%.,"model=i0001c02, alpha=2; score>=threshold; gap_filter=[-0.50%, 4.00%], max_board=2; risk_profile=strict (broken<=40.00%, red>=28.00%, limit_down<=15, pullback<=8.00%); capital_use=80%; T signal -> T+1 open buy, limit-up open is unfilled.",T+2收盘收益11.86%不在2%~10%，T+2收盘卖出 (no intraday-high optimization).
2025-04-15,2025-04-16,09:30:00,2025-04-17,15:00:00,603696,安记食品,1000,9.26065944,11.20609272,9260.65944,11206.092719999999,5.0,5.0,10.0,1935.4332799999993,0.20888241064038066,14599.417648000004,Top4 pick rank=1; score=94.87%; raw_prob=50.24%; board=1; ret1=10.02%.,"model=i0001c02, alpha=2; score>=threshold; gap_filter=[-0.50%, 4.00%], max_board=2; risk_profile=strict (broken<=40.00%, red>=28.00%, limit_down<=15, pullback<=8.00%); capital_use=80%; T signal -> T+1 open buy, limit-up open is unfilled.",T+2收盘收益21.01%不在2%~10%，T+2收盘卖出 (no intraday-high optimization).
2025-04-18,2025-04-21,09:30:00,2025-04-22,15:00:00,688093,世华科技,400,25.039164,23.90012752,10015.6656,9560.051008,5.0,5.0,10.0,-465.6145919999999,-0.0464654355894283,14133.803056000004,Top4 pick rank=3; score=90.93%; raw_prob=48.66%; board=1; ret1=20.02%.,"model=i0001c02, alpha=2; score>=threshold; gap_filter=[-0.50%, 4.00%], max_board=2; risk_profile=strict (broken<=40.00%, red>=28.00%, limit_down<=15, pullback<=8.00%); capital_use=80%; T signal -> T+1 open buy, limit-up open is unfilled.",T+2收盘收益-4.55%不在2%~10%，T+2收盘卖出 (no intraday-high optimization).
2025-04-24,2025-04-25,09:30:00,2025-04-28,15:00:00,000881,中广核技,1500,7.5,7.44,11250.0,11160.0,5.0,5.0,10.0,-100.0,-0.00888494002665482,14033.803056000004,Top4 pick rank=4; score=97.62%; raw_prob=51.86%; board=1; ret1=10.08%.,"model=i0001c02, alpha=2; score>=threshold; gap_filter=[-0.50%, 4.00%], max_board=2; risk_profile=strict (broken<=40.00%, red>=28.00%, limit_down<=15, pullback<=8.00%); capital_use=80%; T signal -> T+1 open buy, limit-up open is unfilled.",T+2收盘收益-0.80%不在2%~10%，T+2收盘卖出 (no intraday-high optimization).
2025-04-29,2025-04-30,09:30:00,2025-05-07,15:00:00,002009,天奇股份,700,14.55,15.5,10185.0,10850.0,5.0,5.0,10.0,655.0,0.06427870461236507,14688.803056000004,Top4 pick rank=1; score=100.00%; raw_prob=57.54%; board=1; ret1=10.03%.,"model=i0001c02, alpha=2; score>=threshold; gap_filter=[-0.50%, 4.00%], max_board=2; risk_profile=strict (broken<=40.00%, red>=28.00%, limit_down<=15, pullback<=8.00%); capital_use=80%; T signal -> T+1 open buy, limit-up open is unfilled.",T+2收盘收益5.70%落在2%~10%，延长到T+3收盘卖出 (no intraday-high optimization).
2025-05-08,2025-05-09,09:30:00,2025-05-13,15:00:00,000856,冀东装备,1000,11.39,11.69,11390.0,11690.0,5.0,5.0,10.0,290.0,0.025449758666081616,14978.803056000004,Top4 pick rank=3; score=100.00%; raw_prob=53.97%; board=1; ret1=10.05%.,"model=i0001c02, alpha=2; score>=threshold; gap_filter=[-0.50%, 4.00%], max_board=2; risk_profile=strict (broken<=40.00%, red>=28.00%, limit_down<=15, pullback<=8.00%); capital_use=80%; T signal -> T+1 open buy, limit-up open is unfilled.",T+2收盘收益4.65%落在2%~10%，延长到T+3收盘卖出 (no intraday-high optimization).
2025-05-14,2025-05-15,09:30:00,2025-05-19,15:00:00,000420,吉林化纤,2800,4.24,5.04,11872.0,14112.0,5.0,5.0,10.0,2230.0,0.18775785130925318,17208.803056000004,Top4 pick rank=1; score=100.00%; raw_prob=57.67%; board=1; ret1=9.92%.,"model=i0001c02, alpha=2; score>=threshold; gap_filter=[-0.50%, 4.00%], max_board=2; risk_profile=strict (broken<=40.00%, red>=28.00%, limit_down<=15, pullback<=8.00%); capital_use=80%; T signal -> T+1 open buy, limit-up open is unfilled.",T+2收盘收益8.02%落在2%~10%，延长到T+3收盘卖出 (no intraday-high optimization).
2025-05-20,2025-05-21,09:30:00,2025-05-22,15:00:00,000670,盈方微,1800,7.56,7.43,13608.0,13374.0,5.0,5.0,10.0,-244.0,-0.01792404319400573,16964.803056000004,Top4 pick rank=1; score=100.00%; raw_prob=50.02%; board=1; ret1=10.04%.,"model=i0001c02, alpha=2; score>=threshold; gap_filter=[-0.50%, 4.00%], max_board=2; risk_profile=strict (broken<=40.00%, red>=28.00%, limit_down<=15, pullback<=8.00%); capital_use=80%; T signal -> T+1 open buy, limit-up open is unfilled.",T+2收盘收益-1.72%不在2%~10%，T+2收盘卖出 (no intraday-high optimization).
2025-05-23,2025-05-26,09:30:00,2025-05-27,15:00:00,000510,新金路,2400,5.53,6.27,13272.0,15047.999999999998,5.0,5.0,10.0,1766.0,0.1330119755968969,18730.803056000004,Top4 pick rank=1; score=89.85%; raw_prob=67.33%; board=1; ret1=10.04%.,"model=i0001c02, alpha=2; score>=threshold; gap_filter=[-0.50%, 4.00%], max_board=2; risk_profile=strict (broken<=40.00%, red>=28.00%, limit_down<=15, pullback<=8.00%); capital_use=80%; T signal -> T+1 open buy, limit-up open is unfilled.",T+2收盘收益13.38%不在2%~10%，T+2收盘卖出 (no intraday-high optimization).
2025-05-28,2025-05-29,09:30:00,2025-05-30,15:00:00,002177,御银股份,2700,5.44,6.34,14688.000000000002,17118.0,5.0,5.0,10.0,2420.0,0.16470428095011228,21150.803056000004,Top4 pick rank=4; score=100.00%; raw_prob=52.36%; board=1; ret1=10.08%.,"model=i0001c02, alpha=2; score>=threshold; gap_filter=[-0.50%, 4.00%], max_board=2; risk_profile=strict (broken<=40.00%, red>=28.00%, limit_down<=15, pullback<=8.00%); capital_use=80%; T signal -> T+1 open buy, limit-up open is unfilled.",T+2收盘收益16.54%不在2%~10%，T+2收盘卖出 (no intraday-high optimization).
2025-06-03,2025-06-04,09:30:00,2025-06-05,15:00:00,000510,新金路,2700,6.2,5.92,16740.0,15984.0,5.0,5.0,10.0,-766.0,-0.04574499850701702,20384.803056000004,Top4 pick rank=1; score=100.00%; raw_prob=49.07%; board=1; ret1=10.04%.,"model=i0001c02, alpha=2; score>=threshold; gap_filter=[-0.50%, 4.00%], max_board=2; risk_profile=strict (broken<=40.00%, red>=28.00%, limit_down<=15, pullback<=8.00%); capital_use=80%; T signal -> T+1 open buy, limit-up open is unfilled.",T+2收盘收益-4.52%不在2%~10%，T+2收盘卖出 (no intraday-high optimization).
2025-06-06,2025-06-09,09:30:00,2025-06-10,15:00:00,002629,仁智股份,2800,5.72,6.47,16016.0,18116.0,5.0,5.0,10.0,2090.0,0.13045377941451844,22474.803056000004,Top4 pick rank=3; score=99.68%; raw_prob=59.14%; board=1; ret1=9.98%.,"model=i0001c02, alpha=2; score>=threshold; gap_filter=[-0.50%, 4.00%], max_board=2; risk_profile=strict (broken<=40.00%, red>=28.00%, limit_down<=15, pullback<=8.00%); capital_use=80%; T signal -> T+1 open buy, limit-up open is unfilled.",T+2收盘收益13.11%不在2%~10%，T+2收盘卖出 (no intraday-high optimization).
2025-06-11,2025-06-12,09:30:00,2025-06-13,15:00:00,603982,泉峰汽车,1800,9.8,9.85,17640.0,17730.0,5.0,5.0,10.0,80.0,0.004533862283933126,22554.803056000004,Top4 pick rank=2; score=99.69%; raw_prob=63.82%; board=1; ret1=10.04%.,"model=i0001c02, alpha=2; score>=threshold; gap_filter=[-0.50%, 4.00%], max_board=2; risk_profile=strict (broken<=40.00%, red>=28.00%, limit_down<=15, pullback<=8.00%); capital_use=80%; T signal -> T+1 open buy, limit-up open is unfilled.",T+2收盘收益0.51%不在2%~10%，T+2收盘卖出 (no intraday-high optimization).
2025-06-16,2025-06-17,09:30:00,2025-06-19,15:00:00,000590,古汉医药,1700,10.22,10.17,17374.0,17289.0,5.0,5.0,10.0,-95.0,-0.005466367454974395,22459.803056000004,Top4 pick rank=1; score=100.00%; raw_prob=56.02%; board=1; ret1=10.04%.,"model=i0001c02, alpha=2; score>=threshold; gap_filter=[-0.50%, 4.00%], max_board=2; risk_profile=strict (broken<=40.00%, red>=28.00%, limit_down<=15, pullback<=8.00%); capital_use=80%; T signal -> T+1 open buy, limit-up open is unfilled.",T+2收盘收益2.35%落在2%~10%，延长到T+3收盘卖出 (no intraday-high optimization).
2025-06-20,2025-06-23,09:30:00,2025-06-25,15:00:00,000695,滨海能源,1300,13.29,14.01,17277.0,18213.0,5.0,5.0,10.0,926.0,0.05358176137021178,23385.803056000004,Top4 pick rank=1; score=100.00%; raw_prob=50.63%; board=1; ret1=10.02%.,"model=i0001c02, alpha=2; score>=threshold; gap_filter=[-0.50%, 4.00%], max_board=2; risk_profile=strict (broken<=40.00%, red>=28.00%, limit_down<=15, pullback<=8.00%); capital_use=80%; T signal -> T+1 open buy, limit-up open is unfilled.",T+2收盘收益6.40%落在2%~10%，延长到T+3收盘卖出 (no intraday-high optimization).
2025-06-26,2025-06-27,09:30:00,2025-06-30,15:00:00,000026,飞亚达,1400,13.1,15.82,18340.0,22148.0,5.0,5.537,10.536999999999999,3797.4629999999997,0.20700261651676205,27183.266056000004,Top4 pick rank=1; score=100.00%; raw_prob=48.52%; board=1; ret1=10.02%.,"model=i0001c02, alpha=2; score>=threshold; gap_filter=[-0.50%, 4.00%], max_board=2; risk_profile=strict (broken<=40.00%, red>=28.00%, limit_down<=15, pullback<=8.00%); capital_use=80%; T signal -> T+1 open buy, limit-up open is unfilled.",T+2收盘收益20.76%不在2%~10%，T+2收盘卖出 (no intraday-high optimization).
2025-07-01,2025-07-02,09:30:00,2025-07-03,15:00:00,000153,丰原药业,3100,6.87,6.7,21297.0,20770.0,5.32425,5.1925,10.51675,-537.5167500000025,-0.025232774775738497,26645.749306,Top4 pick rank=2; score=100.00%; raw_prob=51.27%; board=1; ret1=10.05%.,"model=i0001c02, alpha=2; score>=threshold; gap_filter=[-0.50%, 4.00%], max_board=2; risk_profile=strict (broken<=40.00%, red>=28.00%, limit_down<=15, pullback<=8.00%); capital_use=80%; T signal -> T+1 open buy, limit-up open is unfilled.",T+2收盘收益-2.47%不在2%~10%，T+2收盘卖出 (no intraday-high optimization).
2025-07-07,2025-07-08,09:30:00,2025-07-09,15:00:00,000037,深南电A,2000,10.57,10.38,21140.0,20760.0,5.285,5.19,10.475000000000001,-390.47499999999854,-0.018466291657927455,26255.274306000003,Top4 pick rank=1; score=100.00%; raw_prob=47.29%; board=2; ret1=10.00%.,"model=i0001c02, alpha=2; score>=threshold; gap_filter=[-0.50%, 4.00%], max_board=2; risk_profile=strict (broken<=40.00%, red>=28.00%, limit_down<=15, pullback<=8.00%); capital_use=80%; T signal -> T+1 open buy, limit-up open is unfilled.",T+2收盘收益-1.80%不在2%~10%，T+2收盘卖出 (no intraday-high optimization).
2025-07-10,2025-07-11,09:30:00,2025-07-14,15:00:00,000029,深深房A,1000,20.51,19.2,20510.0,19200.0,5.1275,5.0,10.127500000000001,-1320.1274999999987,-0.06434897857690618,24935.146806000004,Top4 pick rank=1; score=100.00%; raw_prob=51.45%; board=1; ret1=10.02%.,"model=i0001c02, alpha=2; score>=threshold; gap_filter=[-0.50%, 4.00%], max_board=2; risk_profile=strict (broken<=40.00%, red>=28.00%, limit_down<=15, pullback<=8.00%); capital_use=80%; T signal -> T+1 open buy, limit-up open is unfilled.",T+2收盘收益-6.39%不在2%~10%，T+2收盘卖出 (no intraday-high optimization).
2025-07-15,2025-07-16,09:30:00,2025-07-17,15:00:00,002393,力生制药,800,22.36,26.27,17888.0,21016.0,5.0,5.2540000000000004,10.254000000000001,3117.745999999999,0.17424389426032522,28052.892806000003,Top4 pick rank=1; score=100.00%; raw_prob=58.69%; board=1; ret1=9.98%.,"model=i0001c02, alpha=2; score>=threshold; gap_filter=[-0.50%, 4.00%], max_board=2; risk_profile=strict (broken<=40.00%, red>=28.00%, limit_down<=15, pullback<=8.00%); capital_use=80%; T signal -> T+1 open buy, limit-up open is unfilled.",T+2收盘收益17.49%不在2%~10%，T+2收盘卖出 (no intraday-high optimization).
2025-07-18,2025-07-21,09:30:00,2025-07-22,15:00:00,000751,锌业股份,6300,3.53,3.52,22239.0,22176.0,5.55975,5.5440000000000005,11.103750000000002,-74.10375000000204,-0.003331320144468224,27978.789056,Top4 pick rank=3; score=99.48%; raw_prob=56.01%; board=1; ret1=9.97%.,"model=i0001c02, alpha=2; score>=threshold; gap_filter=[-0.50%, 4.00%], max_board=2; risk_profile=strict (broken<=40.00%, red>=28.00%, limit_down<=15, pullback<=8.00%); capital_use=80%; T signal -> T+1 open buy, limit-up open is unfilled.",T+2收盘收益-0.28%不在2%~10%，T+2收盘卖出 (no intraday-high optimization).
2025-07-24,2025-07-25,09:30:00,2025-07-28,15:00:00,002240,盛新锂能,1300,16.06,16.16,20878.0,21008.0,5.2195,5.252,10.471499999999999,119.52850000000035,0.0057236624841299185,28098.317556,Top4 pick rank=2; score=100.00%; raw_prob=49.37%; board=1; ret1=10.03%.,"model=i0001c02, alpha=2; score>=threshold; gap_filter=[-0.50%, 4.00%], max_board=2; risk_profile=strict (broken<=40.00%, red>=28.00%, limit_down<=15, pullback<=8.00%); capital_use=80%; T signal -> T+1 open buy, limit-up open is unfilled.",T+2收盘收益0.62%不在2%~10%，T+2收盘卖出 (no intraday-high optimization).
2025-07-29,2025-07-30,09:30:00,2025-07-31,15:00:00,600829,人民同泰,2300,9.53,8.28,21919.0,19044.0,5.47975,5.0,10.47975,-2885.4797499999986,-0.1316099530252251,25212.837806000003,Top4 pick rank=2; score=97.51%; raw_prob=51.93%; board=1; ret1=10.01%.,"model=i0001c02, alpha=2; score>=threshold; gap_filter=[-0.50%, 4.00%], max_board=2; risk_profile=strict (broken<=40.00%, red>=28.00%, limit_down<=15, pullback<=8.00%); capital_use=80%; T signal -> T+1 open buy, limit-up open is unfilled.",T+2收盘收益-13.12%不在2%~10%，T+2收盘卖出 (no intraday-high optimization).
2025-08-04,2025-08-05,09:30:00,2025-08-06,15:00:00,000534,万泽股份,1100,17.5485376,16.11274816,19303.391359999998,17724.022976,5.0,5.0,10.0,-1589.3683839999976,-0.08231490414538592,23623.469422000006,Top4 pick rank=2; score=100.00%; raw_prob=54.00%; board=2; ret1=9.97%.,"model=i0001c02, alpha=2; score>=threshold; gap_filter=[-0.50%, 4.00%], max_board=2; risk_profile=strict (broken<=40.00%, red>=28.00%, limit_down<=15, pullback<=8.00%); capital_use=80%; T signal -> T+1 open buy, limit-up open is unfilled.",T+2收盘收益-8.18%不在2%~10%，T+2收盘卖出 (no intraday-high optimization).
2025-08-07,2025-08-08,09:30:00,2025-08-11,15:00:00,000026,飞亚达,900,19.45,19.49,17505.0,17541.0,5.0,5.0,10.0,26.0,0.0014848657909765847,23649.469422000006,Top4 pick rank=1; score=100.00%; raw_prob=51.24%; board=1; ret1=10.03%.,"model=i0001c02, alpha=2; score>=threshold; gap_filter=[-0.50%, 4.00%], max_board=2; risk_profile=strict (broken<=40.00%, red>=28.00%, limit_down<=15, pullback<=8.00%); capital_use=80%; T signal -> T+1 open buy, limit-up open is unfilled.",T+2收盘收益0.21%不在2%~10%，T+2收盘卖出 (no intraday-high optimization).
2025-08-12,2025-08-13,09:30:00,2025-08-14,15:00:00,002104,恒宝股份,800,23.0,27.02,18400.0,21616.0,5.0,5.404,10.404,3205.5960000000014,0.17416984515077433,26855.065422000007,Top4 pick rank=1; score=100.00%; raw_prob=50.46%; board=1; ret1=10.00%.,"model=i0001c02, alpha=2; score>=threshold; gap_filter=[-0.50%, 4.00%], max_board=2; risk_profile=strict (broken<=40.00%, red>=28.00%, limit_down<=15, pullback<=8.00%); capital_use=80%; T signal -> T+1 open buy, limit-up open is unfilled.",T+2收盘收益17.48%不在2%~10%，T+2收盘卖出 (no intraday-high optimization).
2025-08-15,2025-08-18,09:30:00,2025-08-19,15:00:00,002660,茂硕电源,2000,10.5,10.32,21000.0,20640.0,5.25,5.16,10.41,-370.40999999999985,-0.01763416288784946,26484.655422000007,Top4 pick rank=2; score=100.00%; raw_prob=45.25%; board=1; ret1=9.96%.,"model=i0001c02, alpha=2; score>=threshold; gap_filter=[-0.50%, 4.00%], max_board=2; risk_profile=strict (broken<=40.00%, red>=28.00%, limit_down<=15, pullback<=8.00%); capital_use=80%; T signal -> T+1 open buy, limit-up open is unfilled.",T+2收盘收益-1.71%不在2%~10%，T+2收盘卖出 (no intraday-high optimization).
2025-08-20,2025-08-21,09:30:00,2025-08-22,15:00:00,603928,兴业股份,1100,18.09006354,18.09006354,19899.069894,19899.069894,5.0,5.0,10.0,-10.0,-0.0005024098113227817,26474.655422000007,Top4 pick rank=1; score=73.76%; raw_prob=41.08%; board=1; ret1=10.02%.,"model=i0001c02, alpha=2; score>=threshold; gap_filter=[-0.50%, 4.00%], max_board=2; risk_profile=strict (broken<=40.00%, red>=28.00%, limit_down<=15, pullback<=8.00%); capital_use=80%; T signal -> T+1 open buy, limit-up open is unfilled.",T+2收盘收益0.00%不在2%~10%，T+2收盘卖出 (no intraday-high optimization).
2025-08-25,2025-08-26,09:30:00,2025-08-27,15:00:00,000016,深康佳A,3300,6.28,5.89,20724.0,19437.0,5.181,5.0,10.181000000000001,-1297.1810000000005,-0.06257753260970612,25177.474422000007,Top4 pick rank=1; score=100.00%; raw_prob=49.13%; board=1; ret1=10.07%.,"model=i0001c02, alpha=2; score>=threshold; gap_filter=[-0.50%, 4.00%], max_board=2; risk_profile=strict (broken<=40.00%, red>=28.00%, limit_down<=15, pullback<=8.00%); capital_use=80%; T signal -> T+1 open buy, limit-up open is unfilled.",T+2收盘收益-6.21%不在2%~10%，T+2收盘卖出 (no intraday-high optimization).
2025-08-28,2025-08-29,09:30:00,2025-09-01,15:00:00,000599,青岛双星,3600,5.56,5.51,20016.0,19836.0,5.0040000000000004,5.0,10.004000000000001,-190.00400000000081,-0.009490233356928593,24987.470422000006,Top4 pick rank=1; score=100.00%; raw_prob=51.43%; board=1; ret1=10.00%.,"model=i0001c02, alpha=2; score>=threshold; gap_filter=[-0.50%, 4.00%], max_board=2; risk_profile=strict (broken<=40.00%, red>=28.00%, limit_down<=15, pullback<=8.00%); capital_use=80%; T signal -> T+1 open buy, limit-up open is unfilled.",T+2收盘收益-0.90%不在2%~10%，T+2收盘卖出 (no intraday-high optimization).
2025-09-05,2025-09-08,09:30:00,2025-09-09,15:00:00,000962,东方钽业,800,23.2584328,23.29836144,18606.74624,18638.689152,5.0,5.0,10.0,21.942911999998614,0.0011789819029898085,25009.413334000004,Top4 pick rank=3; score=100.00%; raw_prob=66.35%; board=1; ret1=10.00%.,"model=i0001c02, alpha=2; score>=threshold; gap_filter=[-0.50%, 4.00%], max_board=2; risk_profile=strict (broken<=40.00%, red>=28.00%, limit_down<=15, pullback<=8.00%); capital_use=80%; T signal -> T+1 open buy, limit-up open is unfilled.",T+2收盘收益0.17%不在2%~10%，T+2收盘卖出 (no intraday-high optimization).
2025-09-10,2025-09-11,09:30:00,2025-09-12,15:00:00,603516,淳中科技,100,129.29,150.8,12929.0,15080.000000000002,5.0,5.0,10.0,2141.0,0.16553270449976806,27150.413334000004,Top4 pick rank=3; score=100.00%; raw_prob=51.13%; board=2; ret1=10.00%.,"model=i0001c02, alpha=2; score>=threshold; gap_filter=[-0.50%, 4.00%], max_board=2; risk_profile=strict (broken<=40.00%, red>=28.00%, limit_down<=15, pullback<=8.00%); capital_use=80%; T signal -> T+1 open buy, limit-up open is unfilled.",T+2收盘收益16.64%不在2%~10%，T+2收盘卖出 (no intraday-high optimization).
2025-09-15,2025-09-16,09:30:00,2025-09-17,15:00:00,000727,冠捷科技,7300,2.96,2.93,21608.0,21389.0,5.402,5.34725,10.74925,-229.74925000000076,-0.01062994386538504,26920.664084000004,Top4 pick rank=3; score=100.00%; raw_prob=51.54%; board=1; ret1=10.04%.,"model=i0001c02, alpha=2; score>=threshold; gap_filter=[-0.50%, 4.00%], max_board=2; risk_profile=strict (broken<=40.00%, red>=28.00%, limit_down<=15, pullback<=8.00%); capital_use=80%; T signal -> T+1 open buy, limit-up open is unfilled.",T+2收盘收益-1.01%不在2%~10%，T+2收盘卖出 (no intraday-high optimization).
2025-09-22,2025-09-23,09:30:00,2025-09-24,15:00:00,000603,盛达资源,900,22.56,22.92,20304.0,20628.0,5.0760000000000005,5.157,10.233,313.7669999999998,0.01544959504804649,27234.431084000003,Top4 pick rank=2; score=100.00%; raw_prob=54.33%; board=1; ret1=10.01%.,"model=i0001c02, alpha=2; score>=threshold; gap_filter=[-0.50%, 4.00%], max_board=2; risk_profile=strict (broken<=40.00%, red>=28.00%, limit_down<=15, pullback<=8.00%); capital_use=80%; T signal -> T+1 open buy, limit-up open is unfilled.",T+2收盘收益1.60%不在2%~10%，T+2收盘卖出 (no intraday-high optimization).
2025-09-25,2025-09-26,09:30:00,2025-09-29,15:00:00,605277,新亚电子,700,27.6,26.32,19320.0,18424.0,5.0,5.0,10.0,-906.0,-0.04688227684346701,26328.431084000003,Top4 pick rank=3; score=96.85%; raw_prob=51.90%; board=1; ret1=10.02%.,"model=i0001c02, alpha=2; score>=threshold; gap_filter=[-0.50%, 4.00%], max_board=2; risk_profile=strict (broken<=40.00%, red>=28.00%, limit_down<=15, pullback<=8.00%); capital_use=80%; T signal -> T+1 open buy, limit-up open is unfilled.",T+2收盘收益-4.64%不在2%~10%，T+2收盘卖出 (no intraday-high optimization).
2025-09-30,2025-10-09,09:30:00,2025-10-13,15:00:00,002082,万邦德,1600,12.45,14.4,19920.0,23040.0,5.0,5.76,10.76,3109.2400000000016,0.15604717691342543,29437.671084000005,Top4 pick rank=4; score=100.00%; raw_prob=53.08%; board=1; ret1=10.00%.,"model=i0001c02, alpha=2; score>=threshold; gap_filter=[-0.50%, 4.00%], max_board=2; risk_profile=strict (broken<=40.00%, red>=28.00%, limit_down<=15, pullback<=8.00%); capital_use=80%; T signal -> T+1 open buy, limit-up open is unfilled.",T+2收盘收益7.87%落在2%~10%，延长到T+3收盘卖出 (no intraday-high optimization).
2025-10-15,2025-10-16,09:30:00,2025-10-17,15:00:00,000506,招金黄金,1500,15.0,14.65,22500.0,21975.0,5.625,5.49375,11.11875,-536.1187500000015,-0.023821544613846602,28901.552334000004,Top4 pick rank=1; score=100.00%; raw_prob=45.91%; board=1; ret1=10.02%.,"model=i0001c02, alpha=2; score>=threshold; gap_filter=[-0.50%, 4.00%], max_board=2; risk_profile=strict (broken<=40.00%, red>=28.00%, limit_down<=15, pullback<=8.00%); capital_use=80%; T signal -> T+1 open buy, limit-up open is unfilled.",T+2收盘收益-2.33%不在2%~10%，T+2收盘卖出 (no intraday-high optimization).
2025-10-20,2025-10-21,09:30:00,2025-10-22,15:00:00,000620,盈新发展,12400,1.86,2.18,23064.0,27032.000000000004,5.766,6.758000000000001,12.524000000000001,3955.4759999999987,0.17145713571607094,32857.028334,Top4 pick rank=1; score=100.00%; raw_prob=46.37%; board=1; ret1=9.76%.,"model=i0001c02, alpha=2; score>=threshold; gap_filter=[-0.50%, 4.00%], max_board=2; risk_profile=strict (broken<=40.00%, red>=28.00%, limit_down<=15, pullback<=8.00%); capital_use=80%; T signal -> T+1 open buy, limit-up open is unfilled.",T+2收盘收益17.20%不在2%~10%，T+2收盘卖出 (no intraday-high optimization).
2025-10-23,2025-10-24,09:30:00,2025-10-27,15:00:00,301231,荣信文化,600,38.0,36.0,22800.0,21600.0,5.7,5.4,11.100000000000001,-1211.1000000000022,-0.053105144766440064,31645.928334,Top4 pick rank=4; score=100.00%; raw_prob=51.64%; board=1; ret1=20.01%.,"model=i0001c02, alpha=2; score>=threshold; gap_filter=[-0.50%, 4.00%], max_board=2; risk_profile=strict (broken<=40.00%, red>=28.00%, limit_down<=15, pullback<=8.00%); capital_use=80%; T signal -> T+1 open buy, limit-up open is unfilled.",T+2收盘收益-5.26%不在2%~10%，T+2收盘卖出 (no intraday-high optimization).
2025-10-28,2025-10-29,09:30:00,2025-10-30,15:00:00,000011,深物业A,2200,11.34,10.98,24948.0,24156.0,6.237,6.039,12.276,-804.2760000000017,-0.03223003772866314,30841.652334,Top4 pick rank=1; score=100.00%; raw_prob=55.13%; board=1; ret1=10.05%.,"model=i0001c02, alpha=2; score>=threshold; gap_filter=[-0.50%, 4.00%], max_board=2; risk_profile=strict (broken<=40.00%, red>=28.00%, limit_down<=15, pullback<=8.00%); capital_use=80%; T signal -> T+1 open buy, limit-up open is unfilled.",T+2收盘收益-3.17%不在2%~10%，T+2收盘卖出 (no intraday-high optimization).
2025-11-03,2025-11-04,09:30:00,2025-11-05,15:00:00,000632,三木集团,5200,4.7,4.7,24440.0,24440.0,6.11,6.11,12.22,-12.220000000001164,-0.0004998750312422371,30829.432333999997,Top4 pick rank=4; score=100.00%; raw_prob=48.61%; board=1; ret1=10.05%.,"model=i0001c02, alpha=2; score>=threshold; gap_filter=[-0.50%, 4.00%], max_board=2; risk_profile=strict (broken<=40.00%, red>=28.00%, limit_down<=15, pullback<=8.00%); capital_use=80%; T signal -> T+1 open buy, limit-up open is unfilled.",T+2收盘收益0.00%不在2%~10%，T+2收盘卖出 (no intraday-high optimization).
2025-11-06,2025-11-07,09:30:00,2025-11-10,15:00:00,000338,潍柴动力,1300,18.01,18.32,23413.000000000004,23816.0,5.853250000000001,5.954,11.80725,391.1927499999947,0.01670418042352243,31220.625083999992,Top4 pick rank=1; score=100.00%; raw_prob=55.34%; board=1; ret1=10.01%.,"model=i0001c02, alpha=2; score>=threshold; gap_filter=[-0.50%, 4.00%], max_board=2; risk_profile=strict (broken<=40.00%, red>=28.00%, limit_down<=15, pullback<=8.00%); capital_use=80%; T signal -> T+1 open buy, limit-up open is unfilled.",T+2收盘收益1.72%不在2%~10%，T+2收盘卖出 (no intraday-high optimization).
2025-11-11,2025-11-12,09:30:00,2025-11-13,15:00:00,000008,神州高铁,7400,3.36,3.34,24864.0,24716.0,6.216,6.179,12.395,-160.39500000000044,-0.006449280537008622,31060.23008399999,Top4 pick rank=1; score=100.00%; raw_prob=48.02%; board=1; ret1=10.00%.,"model=i0001c02, alpha=2; score>=threshold; gap_filter=[-0.50%, 4.00%], max_board=2; risk_profile=strict (broken<=40.00%, red>=28.00%, limit_down<=15, pullback<=8.00%); capital_use=80%; T signal -> T+1 open buy, limit-up open is unfilled.",T+2收盘收益-0.60%不在2%~10%，T+2收盘卖出 (no intraday-high optimization).
2025-11-14,2025-11-17,09:30:00,2025-11-18,15:00:00,000566,海南海药,3500,7.02,8.0,24570.0,28000.0,6.1425,7.0,13.1425,3416.857500000002,0.1390314814458779,34477.08758399999,Top4 pick rank=1; score=100.00%; raw_prob=49.97%; board=1; ret1=10.08%.,"model=i0001c02, alpha=2; score>=threshold; gap_filter=[-0.50%, 4.00%], max_board=2; risk_profile=strict (broken<=40.00%, red>=28.00%, limit_down<=15, pullback<=8.00%); capital_use=80%; T signal -> T+1 open buy, limit-up open is unfilled.",T+2收盘收益13.96%不在2%~10%，T+2收盘卖出 (no intraday-high optimization).
2025-11-25,2025-11-26,09:30:00,2025-11-27,15:00:00,000566,海南海药,3100,8.69,8.11,26939.0,25141.0,6.73475,6.2852500000000004,13.02,-1811.0200000000004,-0.06720989487955976,32666.067583999993,Top4 pick rank=3; score=100.00%; raw_prob=50.35%; board=1; ret1=9.95%.,"model=i0001c02, alpha=2; score>=threshold; gap_filter=[-0.50%, 4.00%], max_board=2; risk_profile=strict (broken<=40.00%, red>=28.00%, limit_down<=15, pullback<=8.00%); capital_use=80%; T signal -> T+1 open buy, limit-up open is unfilled.",T+2收盘收益-6.67%不在2%~10%，T+2收盘卖出 (no intraday-high optimization).
2025-11-28,2025-12-01,09:30:00,2025-12-02,15:00:00,000545,金浦钛业,8200,3.17,3.13,25994.0,25666.0,6.4985,6.4165,12.915,-340.91499999999724,-0.013111863989838395,32325.152583999996,Top4 pick rank=2; score=100.00%; raw_prob=46.75%; board=1; ret1=10.07%.,"model=i0001c02, alpha=2; score>=threshold; gap_filter=[-0.50%, 4.00%], max_board=2; risk_profile=strict (broken<=40.00%, red>=28.00%, limit_down<=15, pullback<=8.00%); capital_use=80%; T signal -> T+1 open buy, limit-up open is unfilled.",T+2收盘收益-1.26%不在2%~10%，T+2收盘卖出 (no intraday-high optimization).
2025-12-03,2025-12-04,09:30:00,2025-12-08,15:00:00,002353,杰瑞股份,300,65.91,70.7,19773.0,21210.0,5.0,5.3025,10.3025,1426.697500000002,0.07213557993730418,33751.850084,Top4 pick rank=2; score=100.00%; raw_prob=58.37%; board=1; ret1=10.00%.,"model=i0001c02, alpha=2; score>=threshold; gap_filter=[-0.50%, 4.00%], max_board=2; risk_profile=strict (broken<=40.00%, red>=28.00%, limit_down<=15, pullback<=8.00%); capital_use=80%; T signal -> T+1 open buy, limit-up open is unfilled.",T+2收盘收益8.22%落在2%~10%，延长到T+3收盘卖出 (no intraday-high optimization).
2025-12-09,2025-12-10,09:30:00,2025-12-11,15:00:00,002301,齐心集团,3000,8.8,7.75,26400.000000000004,23250.0,6.600000000000001,5.8125,12.412500000000001,-3162.412500000006,-0.1197584126695601,30589.437583999992,Top4 pick rank=4; score=100.00%; raw_prob=52.29%; board=1; ret1=10.00%.,"model=i0001c02, alpha=2; score>=threshold; gap_filter=[-0.50%, 4.00%], max_board=2; risk_profile=strict (broken<=40.00%, red>=28.00%, limit_down<=15, pullback<=8.00%); capital_use=80%; T signal -> T+1 open buy, limit-up open is unfilled.",T+2收盘收益-11.93%不在2%~10%，T+2收盘卖出 (no intraday-high optimization).
2025-12-12,2025-12-15,09:30:00,2025-12-16,15:00:00,000510,新金路,2500,9.73,9.5,24325.0,23750.0,6.08125,5.9375,12.01875,-587.0187499999993,-0.02412629114047282,30002.418833999993,Top4 pick rank=1; score=100.00%; raw_prob=59.34%; board=1; ret1=10.02%.,"model=i0001c02, alpha=2; score>=threshold; gap_filter=[-0.50%, 4.00%], max_board=2; risk_profile=strict (broken<=40.00%, red>=28.00%, limit_down<=15, pullback<=8.00%); capital_use=80%; T signal -> T+1 open buy, limit-up open is unfilled.",T+2收盘收益-2.36%不在2%~10%，T+2收盘卖出 (no intraday-high optimization).
2025-12-18,2025-12-19,09:30:00,2025-12-22,15:00:00,000411,英特集团,1700,13.47,12.69,22899.0,21573.0,5.72475,5.39325,11.118,-1337.1180000000022,-0.05837738783566924,28665.30083399999,Top4 pick rank=1; score=100.00%; raw_prob=52.32%; board=1; ret1=10.02%.,"model=i0001c02, alpha=2; score>=threshold; gap_filter=[-0.50%, 4.00%], max_board=2; risk_profile=strict (broken<=40.00%, red>=28.00%, limit_down<=15, pullback<=8.00%); capital_use=80%; T signal -> T+1 open buy, limit-up open is unfilled.",T+2收盘收益-5.79%不在2%~10%，T+2收盘卖出 (no intraday-high optimization).
2025-12-23,2025-12-24,09:30:00,2025-12-25,15:00:00,002098,浔兴股份,2100,10.69,10.77,22449.0,22617.0,5.61225,5.65425,11.2665,156.73349999999846,0.006980013649534228,28822.03433399999,Top4 pick rank=3; score=100.00%; raw_prob=52.93%; board=1; ret1=9.97%.,"model=i0001c02, alpha=2; score>=threshold; gap_filter=[-0.50%, 4.00%], max_board=2; risk_profile=strict (broken<=40.00%, red>=28.00%, limit_down<=15, pullback<=8.00%); capital_use=80%; T signal -> T+1 open buy, limit-up open is unfilled.",T+2收盘收益0.75%不在2%~10%，T+2收盘卖出 (no intraday-high optimization).
2025-12-26,2025-12-29,09:30:00,2025-12-30,15:00:00,301117,佳缘科技,300,59.22,50.61,17766.0,15183.0,5.0,5.0,10.0,-2593.0,-0.1459118789038321,26229.03433399999,Top4 pick rank=4; score=97.88%; raw_prob=44.14%; board=1; ret1=20.00%.,"model=i0001c02, alpha=2; score>=threshold; gap_filter=[-0.50%, 4.00%], max_board=2; risk_profile=strict (broken<=40.00%, red>=28.00%, limit_down<=15, pullback<=8.00%); capital_use=80%; T signal -> T+1 open buy, limit-up open is unfilled.",T+2收盘收益-14.54%不在2%~10%，T+2收盘卖出 (no intraday-high optimization).
2025-12-31,2026-01-05,09:30:00,2026-01-06,15:00:00,000672,上峰水泥,1600,12.99,13.21,20784.0,21136.0,5.196,5.284,10.48,341.52000000000044,0.016427763728813775,26570.55433399999,Top4 pick rank=1; score=100.00%; raw_prob=48.39%; board=1; ret1=9.99%.,"model=i0001c02, alpha=2; score>=threshold; gap_filter=[-0.50%, 4.00%], max_board=2; risk_profile=strict (broken<=40.00%, red>=28.00%, limit_down<=15, pullback<=8.00%); capital_use=80%; T signal -> T+1 open buy, limit-up open is unfilled.",T+2收盘收益1.69%不在2%~10%，T+2收盘卖出 (no intraday-high optimization).
2026-01-09,2026-01-12,09:30:00,2026-01-14,15:00:00,002017,东信和平,800,25.86,28.52,20688.0,22816.0,5.172,5.704,10.876,2117.124,0.1023102693004243,28687.67833399999,Top4 pick rank=3; score=100.00%; raw_prob=46.76%; board=1; ret1=10.00%.,"model=i0001c02, alpha=2; score>=threshold; gap_filter=[-0.50%, 4.00%], max_board=2; risk_profile=strict (broken<=40.00%, red>=28.00%, limit_down<=15, pullback<=8.00%); capital_use=80%; T signal -> T+1 open buy, limit-up open is unfilled.",T+2收盘收益6.11%落在2%~10%，延长到T+3收盘卖出 (no intraday-high optimization).
2026-01-21,2026-01-22,09:30:00,2026-01-23,15:00:00,301486,致尚科技,100,166.16,162.2,16616.0,16219.999999999998,5.0,5.0,10.0,-406.0,-0.024426929787618075,28281.67833399999,Top4 pick rank=4; score=100.00%; raw_prob=45.78%; board=1; ret1=20.00%.,"model=i0001c02, alpha=2; score>=threshold; gap_filter=[-0.50%, 4.00%], max_board=2; risk_profile=strict (broken<=40.00%, red>=28.00%, limit_down<=15, pullback<=8.00%); capital_use=80%; T signal -> T+1 open buy, limit-up open is unfilled.",T+2收盘收益-2.38%不在2%~10%，T+2收盘卖出 (no intraday-high optimization).
2026-01-27,2026-01-28,09:30:00,2026-01-29,15:00:00,301396,宏景科技,200,100.86,102.09,20172.0,20418.0,5.043,5.1045,10.1475,235.85250000000087,0.011689150883010997,28517.53083399999,Top4 pick rank=3; score=100.00%; raw_prob=47.20%; board=1; ret1=20.00%.,"model=i0001c02, alpha=2; score>=threshold; gap_filter=[-0.50%, 4.00%], max_board=2; risk_profile=strict (broken<=40.00%, red>=28.00%, limit_down<=15, pullback<=8.00%); capital_use=80%; T signal -> T+1 open buy, limit-up open is unfilled.",T+2收盘收益1.22%不在2%~10%，T+2收盘卖出 (no intraday-high optimization).
2026-02-03,2026-02-04,09:30:00,2026-02-06,15:00:00,000039,中集集团,2100,10.55,10.98,22155.0,23058.0,5.53875,5.7645,11.30325,891.6967499999992,0.040238044754214254,29409.22758399999,Top4 pick rank=1; score=100.00%; raw_prob=52.84%; board=1; ret1=9.97%.,"model=i0001c02, alpha=2; score>=threshold; gap_filter=[-0.50%, 4.00%], max_board=2; risk_profile=strict (broken<=40.00%, red>=28.00%, limit_down<=15, pullback<=8.00%); capital_use=80%; T signal -> T+1 open buy, limit-up open is unfilled.",T+2收盘收益7.01%落在2%~10%，延长到T+3收盘卖出 (no intraday-high optimization).
2026-02-09,2026-02-10,09:30:00,2026-02-11,15:00:00,000016,深康佳A,5700,4.12,3.91,23484.0,22287.0,5.871,5.57175,11.44275,-1208.4427499999983,-0.051445269750523465,28200.78483399999,Top4 pick rank=1; score=100.00%; raw_prob=58.77%; board=1; ret1=10.05%.,"model=i0001c02, alpha=2; score>=threshold; gap_filter=[-0.50%, 4.00%], max_board=2; risk_profile=strict (broken<=40.00%, red>=28.00%, limit_down<=15, pullback<=8.00%); capital_use=80%; T signal -> T+1 open buy, limit-up open is unfilled.",T+2收盘收益-5.10%不在2%~10%，T+2收盘卖出 (no intraday-high optimization).
